Protein,Number,Type Protein,Type Protein Number,Type Protein Accession,Nuclease Activity,Target Requirement,Multiplexability,Protein sequence,protospacer length,PAM,Genomic_Accession_For_Array,gRNA Scaffold,Citation,PDB
Cas12a,3.4.3,AsCas12a,AsCas12a (3.4.3),WP_021736722.1,3,4,3,MTQFEGFTNLYQVSKTLRFELIPQGKTLKHIQEQGFIEEDKARNDHYKELKPIIDRIYKTYADQCLQLVQLDWENLSAAIDSYRKEKTEETRNALIEEQATYRNAIHDYFIGRTDNLTDAINKRHAEIYKGLFKAELFNGKVLKQLGTVTTTEHENALLRSFDKFTTYFSGFYENRKNVFSAEDISTAIPHRIVQDNFPKFKENCHIFTRLITAVPSLREHFENVKKAIGIFVSTSIEEVFSFPFYNQLLTQTQIDLYNQLLGGISREAGTEKIKGLNEVLNLAIQKNDETAHIIASLPHRFIPLFKQILSDRNTLSFILEEFKSDEEVIQSFCKYKTLLRNENVLETAEALFNELNSIDLTHIFISHKKLETISSALCDHWDTLRNALYERRISELTGKITKSAKEKVQRSLKHEDINLQEIISAAGKELSEAFKQKTSEILSHAHAALDQPLPTTLKKQEEKEILKSQLDSLLGLYHLLDWFAVDESNEVDPEFSARLTGIKLEMEPSLSFYNKARNYATKKPYSVEKFKLNFQMPTLASGWDVNKEKNNGAILFVKNGLYYLGIMPKQKGRYKALSFEPTEKTSEGFDKMYYDYFPDAAKMIPKCSTQLKAVTAHFQTHTTPILLSNNFIEPLEITKEIYDLNNPEKEPKKFQTAYAKKTGDQKGYREALCKWIDFTRDFLSKYTKTTSIDLSSLRPSSQYKDLGEYYAELNPLLYHISFQRIAEKEIMDAVETGKLYLFQIYNKDFAKGHHGKPNLHTLYWTGLFSPENLAKTSIKLNGQAELFYRPKSRMKRMAHRLGEKMLNKKLKDQKTPIPDTLYQELYDYVNHRLSHDLSDEARALLPNVITKEVSHEIIKDRRFTSDKFFFHVPITLNYQAANSPSKFNQRVNAYLKEHPETPIIGIDRGERNLIYITVIDSTGKILEQRSLNTIQQFDYQKKLDNREKERVAARQAWSVVGTIKDLKQGYLSQVIHEIVDLMIHYQAVVVLENLNFGFKSKRTGIAEKAVYQQFEKMLIDKLNCLVLKDYPAEKVGGVLNPYQLTDQFTSFAKMGTQSGFLFYVPAPYTSKIDPLTGFVDPFVWKTIKNHESRKHFLEGFDFLHYDVKTGDFILHFKMNRNLSFQRGLPGFMPAWDIVFEKNETQFDAKGTPFIAGKRIVPVIENHRFTGRYRDLYPANELIALLEEKGIVFRDGSNILPKLLENDDSHAIDTMVALIRSVLQMRNSNAATGEDYINSPVRDLNGVCFDSRFQNPEWPMDADANGAYHIALKGQLLLNHLKESKDLKLQNGISNQDWLAYIQELRN,23,TTTN,,,,https://www.rcsb.org/structure/5B43
Cas12a2,8.6.3,SuCas12a2,SuCas12a2 (8.6.3),KIM12007.1,8,6,3,MLHAFTNQYQLSKTLRFGATLKEDEKKCKSHEELKGFVDISYENMKSSATIAESLNENELVKKCERCYSEIVKFHNAWEKIYYRTDQIAVYKDFYRQLSRKARFDAGKQNSQLITLASLCGMYQGAKLSRYITNYWKDNITRQKSFLKDFSQQLHQYTRALEKSDKAHTKPNLINFNKTFMVLANLVNEIVIPLSNGAISFPNISKLEDGEESHLIEFALNDYSQLSELIGELKDAIATNGGYTPFAKVTLNHYTAEQKPHVFKNDIDAKIRELKLIGLVETLKGKSSEQIEEYFSNLDKFSTYNDRNQSVIVRTQCFKYKPIPFLVKHQLAKYISEPNGWDEDAVAKVLDAVGAIRSPAHDYANNQEGFDLNHYPIKVAFDYAWEQLANSLYTTVTFPQEMCEKYLNSIYGCEVSKEPVFKFYADLLYIRKNLAVLEHKNNLPSNQEEFICKINNTFENIVLPYKISQFETYKKDILAWINDGHDHKKYTDAKQQLGFIRGGLKGRIKAEEVSQKDKYGKIKSYYENPYTKLTNEFKQISSTYGKTFAELRDKFKEKNEITKITHFGIIIEDKNRDRYLLASELKHEQINHVSTILNKLDKSSEFITYQVKSLTSKTLIKLIKNHTTKKGAISPYADFHTSKTGFNKNEIEKNWDNYKREQVLVEYVKDCLTDSTMAKNQNWAEFGWNFEKCNSYEDIEHEIDQKSYLLQSDTISKQSIASLVEGGCLLLPIINQDITSKERKDKNQFSKDWNHIFEGSKEFRLHPEFAVSYRTPIEGYPVQKRYGRLQFVCAFNAHIVPQNGEFINLKKQIENFNDEDVQKRNVTEFNKKVNHALSDKEYVVIGIDRGLKQLATLCVLDKRGKILGDFEIYKKEFVRAEKRSESHWEHTQAETRHILDLSNLRVETTIEGKKVLVDQSLTLVKKNRDTPDEEATEENKQKIKLKQLSYIRKLQHKMQTNEQDVLDLINNEPSDEEFKKRIEGLISSFGEGQKYADLPINTMREMISDLQGVIARGNNQTEKNKIIELDAADNLKQGIVANMIGIVNYIFAKYSYKAYISLEDLSRAYGGAKSGYDGRYLPSTSQDEDVDFKEQQNQMLAGLGTYQFFEMQLLKKLQKIQSDNTVLRFVPAFRSADNYRNILRLEETKYKSKPFGVVHFIDPKFTSKKCPVCSKTNVYRDKDDILVCKECGFRSDSQLKERENNIHYIHNGDDNGAYHIALKSVENLIQMK,,,,,,https://www.rcsb.org/structure/8D4A
Cas12b,3.4.1,BhCas12b,BhCas12b (3.4.1),WP_095142515.1,3,4,1,MATRSFILKIEPNEEVKKGLWKTHEVLNHGIAYYMNILKLIRQEAIYEHHEQDPKNPKKVSKAEIQAELWDFVLKMQKCNSFTHEVDKDEVFNILRELYEELVPSSVEKKGEANQLSNKFLYPLVDPNSQSGKGTASSGRKPRWYNLKIAGDPSWEEEKKKWEEDKKKDPLAKILGKLAEYGLIPLFIPYTDSNEPIVKEIKWMEKSRNQSVRRLDKDMFIQALERFLSWESWNLKVKEEYEKVEKEYKTLEERIKEDIQALKALEQYEKERQEQLLRDTLNTNEYRLSKRGLRGWREIIQKWLKMDENEPSEKYLEVFKDYQRKHPREAGDYSVYEFLSKKENHFIWRNHPEYPYLYATFCEIDKKKKDAKQQATFTLADPINHPLWVRFEERSGSNLNKYRILTEQLHTEKLKKKLTVQLDRLIYPTESGGWEEKGKVDIVLLPSRQFYNQIFLDIEEKGKHAFTYKDESIKFPLKGTLGGARVQFDRDHLRRYPHKVESGNVGRIYFNMTVNIEPTESPVSKSLKIHRDDFPKVVNFKPKELTEWIKDSKGKKLKSGIESLEIGLRVMSIDLGQRQAAAASIFEVVDQKPDIEGKLFFPIKGTELYAVHRASFNIKLPGETLVKSREVLRKAREDNLKLMNQKLNFLRNVLHFQQFEDITEREKRVTKWISRQENSDVPLVYQDELIQIRELMYKPYKDWVAFLKQLHKRLEVEIGKEVKHWRKSLSDGRKGLYGISLKNIDEIDRTRKFLLRWSLRPTEPGEVRRLEPGQRFAIDQLNHLNALKEDRLKKMANTIIMHALGYCYDVRKKKWQAKNPACQIILFEDLSNYNPYEERSRFENSKLMKWSRREIPRQVALQGEIYGLQVGEVGAQFSSRFHAKTGSPGIRCSVVTKEKLQDNRFFKNLQREGRLTLDKIAVLKEGDLYPDKGGEKFISLSKDRKCVTTHADINAAQNLQKRFWTRTHGFYKVYCKAYQVDGQTVYIPESKDQKQKIIEEFGEGYFILKDGVYEWVNAGKLKIKKGSSKQSSSELVDSDILKDSFDLASELKGEKLMLYRDPSGNVFPSDKWMAAGVFFGKLERILISKLTNQYSISTIEDDSSKQSM,23,ATTN,,,,ortholog
Cas12c,5.4.2,UnCas12c2,UnCas12c2 (5.4.2),>Cas12c2,5,4,2,MTKHSIPLHAFRNSGADARKWKGRIALLAKRGKETMRTLQFPLEMSEPEAAAINTTPFAVAYNAIEGTGKGTLFDYWAKLHLAGFRFFPSGGAATIFRQQAVFEDASWNAAFCQQSGKDWPWLVPSKLYERFTKAPREVAKKDGSKKSIEFTQENVANESHVSLVGASITDKTPEDQKEFFLKMAGALAEKFDSWKSANEDRIVAMKVIDEFLKSEGLHLPSLENIAVKCSVETKPDNATVAWHDAPMSGVQNLAIGVFATCASRIDNIYDLNGGKLSKLIQESATTPNVTALSWLFGKGLEYFRTTDIDTIMQDFNIPASAKESIKPLVESAQAIPTMTVLGKKNYAPFRPNFGGKIDSWIANYASRLMLLNDILEQIEPGFELPQALLDNETLMSGIDMTGDELKELIEAVYAWVDAAKQGLATLLGRGGNVDDAVQTFEQFSAMMDTLNGTLNTISARYVRAVEMAGKDEARLEKLIECKFDIPKWCKSVPKLVGISGGLPKVEEEIKVMNAAFKDVRARMFVRFEEIAAYVASKGAGMDVYDALEKRELEQIKKLKSAVPERAHIQAYRAVLHRIGRAVQNCSEKTKQLFSSKVIEMGVFKNPSHLNNFIFNQKGAIYRSPFDRSRHAPYQLHADKLLKNDWLELLAEISATLMASESTEQMEDALRLERTRLQLQLSGLPDWEYPASLAKPDIEVEIQTALKMQLAKDTVTSDVLQRAFNLYSSVLSGLTFKLLRRSFSLKMRFSVADTTQLIYVPKVCDWAIPKQYLQAEGEIGIAARVVTESSPAKMVTEVEMKEPKALGHFMQQAPHDWYFDASLGGTQVAGRIVEKGKEVGKERKLVGYRMRGNSAYKTVLDKSLVGNTELSQCSMIIEIPYTQTVDADFRAQVQAGLPKVSINLPVKETITASNKDEQMLFDRFVAIDLGERGLGYAVFDAKTLELQESGHRPIKAITNLLNRTHHYEQRPNQRQKFQAKFNVNLSELRENTVGDVCHQINRICAYYNAFPVLEYMVPDRLDKQLKSVYESVTNRYIWSSTDAHKSARVQFWLGGETWEHPYLKSAKDKKPLVLSPGRGASGKGTSQTCSCCGRNPFDLIKDMKPRAKIAVVDGKAKLENSELKLFERNLESKDDMLARRHRNERAGMEQPLTPGNYTVDEIKALLRANLRRAPKNRRTKDTTVSEYHCVFSDCGKTMHADENAAVNIGGKFIADIEK,,TN,,,,https://www.rcsb.org/structure/7V94
Cas12c1,3.4.2,Cas12c1,Cas12c1 (3.4.2),>Cas12c1,3,4,2,MQTKKTHLHLISAKASRKYRRTIACLSDTAKKDLERRKQSGAADPAQELSCLKTIKFKLEVPEGSKLPSFDRISQIYNALETIEKGSLSYLLFALILSGFRIFPNSSAAKTFASSSCYKNDQFASQIKEIFGEMVKNFIPSELESILKKGRRKNNKDWTEENIKRVLNSEFGRKNSEGSSALFDSFLSKFSQELFRKFDSWNEVNKKYLEAAELLDSMLASYGPFDSVCKMIGDSDSRNSLPDKSTIAFTNNAEITVDIESSVMPYMAIAALLREYRQSKSKAAPVAYVQSHLTTTNGNGLSWFFKFGLDLIRKAPVSSKQSTSDGSKSLQELFSVPDDKLDGLKFIKEACEALPEASLLCGEKGELLGYQDFRTSFAGHIDSWVANYVNRLFELIELVNQLPESIKLPSILTQKNHNLVASLGLQEAEVSHSLELFEGLVKNVRQTLKKLAGIDISSSPNEQDIKEFYAFSDVLNRLGSIRNQIENAVQTAKKDKIDLESAIEWKEWKKLKKLPKLNGLGGGVPKQQELLDKALESVKQIRHYQRIDFERVIQWAVNEHCLETVPKFLVDAEKKKINKESSTDFAAKENAVRFLLEGIGAAARGKTDSVSKAAYNWFVVNNFLAKKDLNRYFINCQGCIYKPPYSKRRSLAFALRSDNKDTIEVVWEKFETFYKEISKEIEKFNIFSQEFQTFLHLENLRMKLLLRRIQKPIPAEIAFFSLPQEYYDSLPPNVAFLALNQEITPSEYITQFNLYSSFLNGNLILLRRSRSYLRAKFSWVGNSKLIYAAKEARLWKIPNAYWKSDEWKMILDSNVLVFDKAGNVLPAPTLKKVCEREGDLRLFYPLLRQLPHDWCYRNPFVKSVGREKNVIEVNKEGEPKVASALPGSLFRLIGPAPFKSLLDDCFFNPLDKDLRECMLIVDQEISQKVEAQKVEASLESCTYSIAVPIRYHLEEPKVSNQFENVLAIDQGEAGLAYAVFSLKSIGEAETKPIAVGTIRIPSIRRLIHSVSTYRKKKQRLQNFKQNYDSTAFIMRENVTGDVCAKIVGLMKEFNAFPVLEYDVKNLESGSRQLSAVYKAVNSHFLYFKEPGRDALRKQLWYGGDSWTIDGIEIVTRERKEDGKEGVEKIVPLKVFPGRSVSARFTSKTCSCCGRNVFDWLFTEKKAKTNKKFNVNSKGELTTADGVIQLFEADRSKGPKFYARRKERTPLTKPIAKGSYSLEEIERRVRTNLRRAPKSKQSRDTSQSQYFCVYKDCALHFSGMQADENAAINIGRRFLTALRKNRRSDFPSNVKISDRLLDN,,,,,,https://www.rcsb.org/structure/7VYX
Cas12d,3.4.2,Cas12d,Cas12d (3.4.2),OJI08769.1,3,4,2,MRKKLFKGYILHNKRLVYTGKAAIRSIKYPLVAPNKTALNNLSEKIIYDYEHLFGPLNVASYARNSNRYSLVDFWIDSLRAGVIWQSKSTSLIDLISKLEGSKSPSEKIFEQIDFELKNKLDKEQFKDIILLNTGIRSSSNVRSLRGRFLKCFKEEFRDTEEVIACVDKWSKDLIVEGKSILVSKQFLYWEEEFGIKIFPHFKDNHDLPKLTFFVEPSLEFSPHLPLANCLERLKKFDISRESLLGLDNNFSAFSNYFNELFNLLSRGEIKKIVTAVLAVSKSWENEPELEKRLHFLSEKAKLLGYPKLTSSWADYRMIIGGKIKSWHSNYTEQLIKVREDLKKHQIALDKLQEDLKKVVDSSLREQIEAQREALLPLLDTMLKEKDFSDDLELYRFILSDFKSLLNGSYQRYIQTEEERKEDRDVTKKYKDLYSNLRNIPRFFGESKKEQFNKFINKSLPTIDVGLKILEDIRNALETVSVRKPPSITEEYVTKQLEKLSRKYKINAFNSNRFKQITEQVLRKYNNGELPKISEVFYRYPRESHVAIRILPVKISNPRKDISYLLDKYQISPDWKNSNPGEVVDLIEIYKLTLGWLLSCNKDFSMDFSSYDLKLFPEAASLIKNFGSCLSGYYLSKMIFNCITSEIKGMITLYTRDKFVVRYVTQMIGSNQKFPLLCLVGEKQTKNFSRNWGVLIEEKGDLGEEKNQEKCLIFKDKTDFAKAKEVEIFKNNIWRIRTSKYQIQFLNRLFKKTKEWDLMNLVLSEPSLVLEEEWGVSWDKDKLLPLLKKEKSCEERLYYSLPLNLVPATDYKEQSAEIEQRNTYLGLDVGEFGVAYAVVRIVRDRIELLSWGFLKDPALRKIRERVQDMKKKQVMAVFSSSSTAVARVREMAIHSLRNQIHSIALAYKAKIIYEISISNFETGGNRMAKIYRSIKVSDVYRESGADTLVSEMIWGKKNKQMGNHISSYATSYTCCNCARTPFELVIDNDKEYEKGGDEFIFNVGDEKKVRGFLQKSLLGKTIKGKEVLKSIKEYARPPIREVLLEGEDVEQLLKRRGNSYIYRCPFCGYKTDADIQAALNIACRGYISDNAKDAVKEGERKLDYILEVRKLWEKNGAVLRSAKFL,,,,,,n/a
Cas12e,3.4.1,PlmCas12e,PlmCas12e (3.4.1),OHB99618.1,3,4,1,QEIKRINKIRRRLVKDSNTKKAGKTGPMKTLLVRVMTPDLRERLENLRKKPENIPQPISNTSRANLNKLLTDYTEMKKAILHVYWEEFQKDPVGLMSRVAQPAPKNIDQRKLIPVKDGNERLTSSGFACSQCCQPLYVYKLEQVNDKGKPHTNYFGRCNVSEHERLILLSPHKPEANDELVTYSLGKFGQRALDFYSIHVTRESNHPVKPLEQIGGNSCASGPVGKALSDACMGAVASFLTKYQDIILEHQKVIKKNEKRLANLKDIASANGLAFPKITLPPQPHTKEGIEAYNNVVAQIVIWVNLNLWQKLKIGRDEAKPLQRLKGFPSFPLVERQANEVDWWDMVCNVKKLINEKKEDGKVFWQNLAGYKRQEALLPYLSSEEDRKKGKKFARYQFGDLLLHLEKKHGEDWGKVYDEAWERIDKKVEGLSKHIKLEEERRSEDAQSKAALTDWLRAKASFVIEGLKEADKDEFCRCELKLQKWYGDLRGKPFAIEAENSILDISGFSKQYNCAFIWQKDGVKKLNLYLIINYFKGGKLRFKKIKPEAFEANRFYTVINKKSGEIVPMEVNFNFDDPNLIILPLAFGKRQGREFIWNDLLSLETGSLKLANGRVIEKTLYNRRTRQDEPALFVALTFERREVLDSSNIKPMNLIGIDRGENIPAVIALTDPEGCPLSRFKDSLGNPTHILRIGESYKEKQRTIQAAKEVEQRRAGGYSRKYASKAKNLADDMVRNTARDLLYYAVTQDAMLIFENLSRGFGRQGKRTFMAERQYTRMEDWLTAKLAYEGLPSKTYLSKTLAQYTSKTCSNCGFTITSADYDRVLEKLKKTATGWMTTINGKELKVEGQITYYNRYKRQNVVKDLSVELDRLSEESVNNDISSWTKGRSGEALSLLKKRFSHRPVQEKFVCLNCGFETHADEQAALNIARSWLFLRSQEYKKYQTNKTTGNTDKRAFVETWQSFYRKKLKEVWKPAV,20,TTCN,,,,https://www.rcsb.org/structure/7WAY
Cas12f,3.4.2,UnCas12f1,UnCas12f1 (3.4.2),QBM01166.1,3,4,2,MAKNTITKTLKLRIVRPYNSAEVEKIVADEKNNREKIALEKNKDKVKEACSKHLKVAAYCTTQVERNACLFCKARKLDDKFYQKLRGQFPDAVFWQEISEIFRQLQKQAAEIYNQSLIELYYEIFIKGKGIANASSVEHYLSDVCYTRAAELFKNAAIASGLRSKIKSNFRLKELKNMKSGLPTTKSDNFPIPLVKQKGGQYTGFEISNHNSDFIIKIPFGRWQVKKEIDKYRPWEKFDFEQVQKSPKPISLLLSTQRRKRNKGWSKDEGTEAEIKKVMNGDYQTSYIEVKRGSKIGEKSAWMLNLSIDVPKIDKGVDPSIIGGIDVGVKSPLVCAINNAFSRYSISDNDLFHFNKKMFARRRILLKKNRHKRAGHGAKNKLKPITILTEKSERFRKKLIERWACEIADFFIKNKVGTVQMENLESMKRKEDSYFNIRLRGFWPYAEMQNKIEFKLKQYGIEIRKVAPNNTSKTCSKCGHLNNYFNFEYRKKNKFPHFKCEKCNFKENADYNAALNISNPKLKSTKEEP,,TTTR,,,,https://www.rcsb.org/structure/7L49
Cas12g,7.6.2,LbCas12g,LbCas12g (7.6.2),>Cas12g1,7,6,2,MAQASSTPAVSPRPRPRYREERTLVRKLLPRPGQSKQEFRENVKKLRKAFLQFNADVSGVCQWAIQFRPRYGKPAEPTETFWKFFLEPETSLPPNDSRSPEFRRLQAFEAAAGINGAAALDDPAFTNELRDSILAVASRPKTKEAQRLFSRLKDYQPAHRMILAKVAAEWIESRYRRAHQNWERNYEEWKKEKQEWEQNHPELTPEIREAFNQIFQQLEVKEKRVRICPAARLLQNKDNCQYAGKNKHSVLCNQFNEFKKNHLQGKAIKFFYKDAEKYLRCGLQSLKPNVQGPFREDWNKYLRYMNLKEETLRGKNGGRLPHCKNLGQECEFNPHTALCKQYQQQLSSRPDLVQHDELYRKWRREYWREPRKPVFRYPSVKRHSIAKIFGENYFQADFKNSVVGLRLDSMPAGQYLEFAFAPWPRNYRPQPGETEISSVHLHFVGTRPRIGFRFRVPHKRSRFDCTQEELDELRSRTFPRKAQDQKFLEAARKRLLETFPGNAEQELRLLAVDLGTDSARAAFFIGKTFQQAFPLKIVKIEKLYEQWPNQKQAGDRRDASSKQPRPGLSRDHVGRHLQKMRAQASEIAQKRQELTGTPAPETTTDQAAKKATLQPFDLRGLTVHTARMIRDWARLNARQIIQLAEENQVDLIVLESLRGFRPPGYENLDQEKKRRVAFFAHGRIRRKVTEKAVERGMRVVTVPYLASSKVCAECRKKQKDNKQWEKNKKRGLFKCEGCGSQAQVDENAARVLGRVFWGEIELPTAIP,,,,,,https://www.rcsb.org/structure/6XMG
Cas12h,3.4.2,Cas12h1,Cas12h1 (3.4.2),>Cas12h1,3,4,2,MKVHEIPRSQLLKIKQYEGSFVEWYRDLQEDRKKFASLLFRWAAFGYAAREDDGATYISPSQALLERRLLLGDAEDVAIKFLDVLFKGGAPSSSCYSLFYEDFALRDKAKYSGAKREFIEGLATMPLDKIIERIRQDEQLSKIPAEEWLILGAEYSPEEIWEQVAPRIVNVDRSLGKQLRERLGIKCRRPHDAGYCKILMEVVARQLRSHNETYHEYLNQTHEMKTKVANNLTNEFDLVCEFAEVLEEKNYGLGWYVLWQGVKQALKEQKKPTKIQIAVDQLRQPKFAGLLTAKWRALKGAYDTWKLKKRLEKRKAFPYMPNWDNDYQIPVGLTGLGVFTLEVKRTEVVVDLKEHGKLFCSHSHYFGDLTAEKHPSRYHLKFRHKLKLRKRDSRVEPTIGPWIEAALREITIQKKPNGVFYLGLPYALSHGIDNFQIAKRFFSAAKPDKEVINGLPSEMVVGAADLNLSNIVAPVKARIGKGLEGPLHALDYGYGELIDGPKILTPDGPRCGELISLKRDIVEIKSAIKEFKACQREGLTMSEETTTWLSEVESPSDSPRCMIQSRIADTSRRLNSFKYQMNKEGYQDLAEALRLLDAMDSYNSLLESYQRMHLSPGEQSPKEAKFDTKRASFRDLLRRRVAHTIVEYFDDCDIVFFEDLDGPSDSDSRNNALVKLLSPRTLLLYIRQALEKRGIGMVEVAKDGTSQNNPISGHVGWRNKQNKSEIYFYEDKELLVMDADEVGAMNILCRGLNHSVCPYSFVTKAPEKKNDEKKEGDYGKRVKRFLKDRYGSSNVRFLVASMGFVTVTTKRPKDALVGKRLYYHGGELVTHDLHNRMKDEIKYLVEKEVLARRVSLSDSTIKSYKSFAHV,,RTR,,,,n/a
Cas12i,4.4.1,Cas12i1,Cas12i1 (4.4.1),>Cas12i1,4,4,1,MSNKEKNASETRKAYTTKMIPRSHDRMKLLGNFMDYLMDGTPIFFELWNQFGGGIDRDIISGTANKDKISDDLLLAVNWFKVMPINSKPQGVSPSNLANLFQQYSGSEPDIQAQEYFASNFDTEKHQWKDMRVEYERLLAELQLSRSDMHHDLKLMYKEKCIGLSLSTAHYITSVMFGTGAKNNRQTKHQFYSKVIQLLEESTQINSVEQLASIILKAGDCDSYRKLRIRCSRKGATPSILKIVQDYELGTNHDDEVNVPSLIANLKEKLGRFEYECEWKCMEKIKAFLASKVGPYYLGSYSAMLENALSPIKGMTTKNCKFVLKQIDAKNDIKYENEPFGKIVEGFFDSPYFESDTNVKWVLHPHHIGESNIKTLWEDLNAIHSKYEEDIASLSEDKKEKRIKVYQGDVCQTINTYCEEVGKEAKTPLVQLLRYLYSRKDDIAVDKIIDGITFLSKKHKVEKQKINPVIQKYPSFNFGNNSKLLGKIISPKDKLKHNLKCNRNQVDNYIWIEIKVLNTKTMRWEKHHYALSSTRFLEEVYYPATSENPPDALAARFRTKTNGYEGKPALSAEQIEQIRSAPVGLRKVKKRQMRLEAARQQNLLPRYTWGKDFNINICKRGNNFEVTLATKVKKKKEKNYKVVLGYDANIVRKNTYAAIEAHANGDGVIDYNDLPVKPIESGFVTVESQVRDKSYDQLSYNGVKLLYCKPHVESRRSFLEKYRNGTMKDNRGNNIQIDFMKDFEAIADDETSLYYFNMKYCKLLQSSIRNHSSQAKEYREEIFELLRDGKLSVLKLSSLSNLSFVMFKVAKSLIGTYFGHLLKKPKNSKSDVKAPPITDEDKQKADPEMFALRLALEEKRLNKVKSKKEVIANKIVAKALELRDKYGPVLIKGENISDTTKKGKKSSTNSFLMDWLARGVANKVKEMVMMHQGLEFVEVNPNFTSHQDPFVHKNPENTFRARYSRCTPSELTEKNRKEILSFLSDKPSKRPTNAYYNEGAMAFLATYGLKKNDVLGVSLEKFKQIMANILHQRSEDQLLFPSRGGMFYLATYKLDADATSVNWNGKQFWVCNADLVAAYNVGLVDIQKDFKKK,,TTN,,,,https://www.rcsb.org/structure/6W5C
Cas12j,3.4.3,Cas12j2,Cas12j2 (3.4.3),>Cas12j2,3,4,3,MPKPAVESEFSKVLKKHFPGERFRSSYMKRGGKILAAQGEEAVVAYLQGKSEEEPPNFQPPAKCHVVTKSRDFAEWPIMKASEAIQRYIYALSTTERAACKPGKSSESHAAWFAATGVSNHGYSHVQGLNLIFDHTLGRYDGVLKKVQLRNEKARARLESINASRADEGLPEIKAEEEEVATNETGHLLQPPGINPSFYVYQTISPQAYRPRDEIVLPPEYAGYVRDPNAPIPLGVVRNRCDIQKGCPGYIPEWQREAGTAISPKTGKAVTVPGLSPKKNKRMRRYWRSEKEKAQDALLVTVRIGTDWVVIDVRGLLRNARWRTIAPKDISLNALLDLFTGDPVIDVRRNIVTFTYTLDACGTYARKWTLKGKQTKATLDKLTATQTVALVAIDLGQTNPISAGISRVTQENGALQCEPLDRFTLPDDLLKDISAYRIAWDRNEEELRARSVEALPEAQQAEVRALDGVSKETARTQLCADFGLDPKRLPWDKMSSNTTFISEALLSNSVSRDQVFFTPAPKKGAKKKAPVEVMRKDRTWARAYKPRLSVEAQKLKNEALWALKRTSPEYLKLSRRKEELCRRSINYVIEKTRRRTQCQIVIPVIEDLNVRFFHGSGKRLPGWDNFFTAKKENRWFIQGLHKAFSDLRTHRSFYVFEVRPERTSITCPKCGHCEVGNRDGEAFQCLSCGKTCNADLDVATHNLTQVALTGKTMPKREEPRDAQGTAPARKTKKASKSKAPPAEREDQTPAQEPSQTS,,TGAA,,,,
Cas12k,5.4.2,ShCas12k,ShCas12k (5.4.2),WP_029636312.1,5,4,2,MSQITIQARLISFESNRQQLWKLMADLNTPLINELLCQLGQHPDFEKWQQKGKLPSTVVSQLCQPLKTDPRFAGQPSRLYMSAIHIVDYIYKSWLAIQKRLQQQLDGKTRWLEMLNSDAELVELSGDTLEAIRVKAAEILAIAMPASESDSASPKGKKGKKEKKPSSSSPKRSLSKTLFDAYQETEDIKSRSAISYLLKNGCKLTDKEEDSEKFAKRRRQVEIQIQRLTEKLISRMPKGRDLTNAKWLETLLTATTTVAEDNAQAKRWQDILLTRSSSLPFPLVFETNEDMVWSKNQKGRLCVHFNGLSDLIFEVYCGNRQLHWFQRFLEDQQTKRKSKNQHSSGLFTLRNGHLVWLEGEGKGEPWNLHHLTLYCCVDNRLWTEEGTEIVRQEKADEITKFITNMKKKSDLSDTQQALIQRKQSTLTRINNSFERPSQPLYQGQSHILVGVSLGLEKPATVAVVDAIANKVLAYRSIKQLLGDNYELLNRQRRQQQYLSHERHKAQKNFSPNQFGASELGQHIDRLLAKAIVALARTYKAGSIVLPKLGDMREVVQSEIQAIAEQKFPGYIEGQQKYAKQYRVNVHRWSYGRLIQSIQSKAAQTGIVIEEGKQPIRGSPHDKAKELALSAYNLRLTRRS,,GTN,,,10.1126/science.aax9181,
Cas12L,3.4.2,Asp2Cas12L,Asp2Cas12L (3.4.2),Asp2Cas12L (3.4.2) (3.4.2),3,4,2,MSPLERSLRKVGENRLERLRVREEKIRKHIEQHPRGKNDHQALHFLLHQIEVERNDLYRNLKDPEYVPKPAKQRRERRQINVAKPPTRPKKEKGPQPESTKYVIRPPVPGKNLPAFASKYEARDTRDDSYQDGRSWTSAPYVEVELPILGADKVIQKLMKFVQKDERSIVRDWATKTYSSIEAAREALLVGAQVSEDVSVWRGLLAETKNAQNFAALSDDQIEAAMSKEAKGADLRPRRAALLVAQRHWVDQTVKAIKESAPSGVDKDTLDRRLRAGLRGFHTAANSGKHTNPQFPYLTAEKPVVPMESVVQSVLAFLDDPDDQRYTKDKEDDKKRHRVTVLQKELGKARPRKRLELQTPKWAGRPTVKGTISKRRDAALVWDTSKEANGLCLALPIGGMPKIDVEQFIYQDGTSLLSDCQIASKTTKKGAACAVLPLKPKHDFLRWFTKHVENHNPDAPLERRCLHNTTQFVIVDPEGPRPRLFVRPVFKFYDPGKTVPNTHETWKKPDCRYLVGIDRGINYVLRAVVVDTEEKKVIADIGLPGRKHEWRMIRDEIAYHQQMRDLARNTGKHASVVAKHVRALALARKKDRALGKFATVEAVAELVKKCEQDYGSGNYCFVLEDLDMGAMNLKRNNRVKHMAVMEEALVNQMRKQGYAYDGRRGRVDGVRHEGAWYTSQVSPFGWWAKRDEVEEAWKRDKTRPIGRKVGNWYEMPEPGQDGDRPDTYRKGYWSKPKNAEGKPYGRNRFSVEPGDEKPDAERRFCWGSELFWDPNVKSFKGKEFPEGVVLDADFVGALNIALRPLVNDGQGKGFKAEDMAREHTILNPQFKIACQIPVYEFVEEDGDKWAALRRIML,,,,,,
Cas12Lambda,3.4.3,Cas12Lambda2,Cas12Lambda2 (3.4.3),>Cas12Lambda_57,3,4,3,MASHKKTESNQIIKTFSFKLKNANGLSLDVLNDAITEYQNYYNICSDWIKDHLTMKISELYKYIPDEKKNSGYALTLISDEWKDKPMYMMFKKGYPANNRDNAIYETLNTCNTEHYTGNILNFSDTYYRRFGYVASTISNYVTKISKMSTGSRRKNISNDSDADTIMGQVIYEMEHNGWTSVKDWENQMEYLESKTDSNPNFVYRMTTLYEFYKSHIDEVNSKMETMSIDSLIKFGGCHRKDSKKSMYIMGGSNTPFDITQIGGNSLNIKFSKNLNVDVFGRYDIIKDDTLLVDIIKGHGASFVLKIINDEIYIDINVSVPFDKKIATTNKVVGIDVNIKHMLLATNILDDGNVKGYVNIYKEVINDSDFKKVCNSTVMQYFTDFSKFVTFCPLEFDFLFSRVCNQKGIYNDNSAMEKSFSDVLNKLKWNFIETGDNTKRIYIENVMKLRSQMKAYAIVKNAYYKQQSEYDFGKSEEFIQEHPFSNTDKGIEILHKLDNISKKILGCRNNIIQYSYNLFEINGYDMISLEKLTSSQFKKKSFPTVNSLLKYHKILGCTQEEMEKKDIYSVIKKGYYDIIFDDDVVTDAKLSTKGELSKFKDDFFNLMIKSIHFADIKDYFITLSNNGTAGVSLVPSYFTSQMDSIDHKIYFVQDNKSGKLNLANKHKVRSSQEKHINGLNADYNAARNIAYIMENTECRNMFMKQSRTDKSLYNKPSYETFIKTQGSAVSKLKKDGFVKILDEASV,14,TTR,,,https://doi.org/10.1016/j.cell.2022.10.020,
Cas12M,5.4.3,MmCas12m,MmCas12m (5.4.3),WP_061006603.1,5,4,3,MTTMTVHTMGVHYKWQIPEVLRQQLWLAHNLREDLVSLQLAYDDDLKAIWSSYPDVAQAEDTMAAAEADAVALSERVKQARIEARSKKISTELTQQLRDAKKRLKDARQARRDAIAVVKDDAAERRKARSDQLAADQKALYGQYCRDGDLYWASFNTVLDHHKTAVKRIAAQRASGKPATLRHHRFDGSGTIAVQLQRQAGAPPRTPMVLADEAGKYRNVLHIPGWTDPDVWEQMTRSQCRQSGRVTVRMRCGSTDGQPQWIDLPVQVHRWLPADADITGAELVVTRVAGIYRAKLCVTARIGDTEPVTSGPTVALHLGWRSTEEGTAVATWRSDAPLDIPFGLRTVMRVDAAGTSGIIVVPATIERRLTRTENIASSRSLALDALRDKVVGWLSDNDAPTYRDAPLEAATVKQWKSPQRFASLAHAWKDNGTEISDILWAWFSLDRKQWAQQENGRRKALGHRDDLYRQIAAVISDQAGHVLVDDTSVAELSARAMERTELPTEVQQKIDRRRDHAAPGGLRASVVAAMTRDGVPVTIVAAADFTRTHSRCGHVNPADDRYLSNPVRCDGCGAMYDQDRSFVTLMLRAATAPSNP,,,,,,
Cas12Mu,-.-.-,Cas12Mu,Cas12Mu (-.-.-),lin-xing Chen,-,-,-,VITKKTYNFSLYDPRFFELAKEAGDVYSRSLEEFWKVYDETGVWLSKFDLQKHMRNKLERKLLHSDSFIGAMQQVHANLASWKQAKKVVKDACPPRKPKFLQAILFKKSQIKYKNGFLKLTLGIGNEYLNLKWNQEIPLPIYGSVTYSKTRGWKINLCLETDVEQKNLDNNKFLSIDLGVKRIATIFDGENTITLSGKKFMGLMHYRNKLNGKTQSRLSHKKKGSNNYKKIQRAKRRTTDKILNIQKDMLHKYSSFVVNYAIKNNIGNIIIGDNSSTHDSPNMRGKTNQKISQNPEQKLKNYIKYKFEGISGQVNIVPEPYTSRKCPCCKNIKKSSPRGRTYKCKKCDFVFDRDGVGAINIYNENVSFGTCLNLDSGRIRFLTEPIGMKFHNEVYFKSYVAVA,,,,,"Al-Shayeb et al., 2022",
Cas12Omega,-.-.-,Cas12Omega,Cas12Omega (-.-.-),lin-xing Chen,-,-,-,MALQGHETPTVIAGRTITRSVSLPVQECLSHPWPEFQGAVVAAWGLSTSLANWGAHTLRGLDVVRTPDLTELPPLRGVDLYALAFGRKGEKMGREKLGCPSCRRTFFPSQCPGGLAPAHPRGKGDCPAGVAVPIPRKVLPAQEIAYDEAHQWGGAKIAAASILRKIDRDYRTYRGKIVWQQARRTPEYLFPFPFPVHQKDWVPYFAETGQRSPLVSLSLPGIGRVTLRLRGGPEFKSAVEVFGRIEAGDLKQLECKLDAQSSRAHCRLVRYRGSDGVERSLRLLFRMSYQMEVLGSAATKTALVKTGPAPFLTMSIADEPPFVLHAPWVLGWIAEHRRFIDRFADDLKREKRWPVRERSRRNGRQDRSVDRQHSRLKSFRQETAHQFVAHAARRGCGALEWDDSDRSFAQDHDFGWYLLRKEFEDECSVQGLRFTAASGSGAEEENSVETVPTV,,,,,"Al-Shayeb et al., 2022",
Cas12U2,-.-.-,Cas12U2,Cas12U2 (-.-.-),>set_10_2_V_U2,-,-,-,MSELVQHHITIQLKAYLSTTQTALFENWTDSLRPLYNLALGLLYEEQQRRWRTNQKFLKNYLDKSSLQTYLNEIENKPDIYPVEWHITKALPECDWLTKEENEVRKKDNGNFFTPIRPYWHLEEPAKLAKFKCFTNQWLISCNKLLNVTMKVRQSFISNLMEAWKRYQKGDFRKLKFKSKRNPVISLCNKQTAIIKFDPNNQLLGKEFGLIEFRGLHNRHQGQIQPRNGSLTKKADGYYLNLVFQVEHKPIPDSDLQVGIDPGLVTLLTLSDGKCISNPRFLKENERHLTVLQKKLSRQTPGSKNWEKTKKALAKIHKQTADHRKYYNHKVSTHLVNKYGAIAIEDTKLTNMNKRPKAEKREDGKGYEHNGAKAKAGLNQSLHDAGLGQLRAFLESKANSYNRHIERVKANYTSQKCSRCGHTDKENRSFYCLKCGLEMPADLNAAINIEQAAFGLDKS,,,,,,
Cas12U3,-.-.-,Cas12U3,Cas12U3 (-.-.-),>set_11_3_V_U3,-,-,-,MPTITRKIELKIVKDRLTDYDQQWKYLYQINNTIYQAANRISTHCLFNDEYEMYKDIEKKLEEIEKKQKGVKNKKKDFFQCSKQNSTYQLASEFLKYIPAEILTDLNRYVQNNHNNNKKKVKSGERALSTYKKGMGIPFSIKPRLFVKEEGIYLKWFKGILFRLEFGKDTSNNRCIVERLIEKGEDYVASSIKLIDKSTRIFLLLSIDIPAKKQVLDKEVVLGVDLGIKCPLYLAINDNFKMQIGDIEHFHNQRTMFQKRFKSLQKLMCTQGGHGRKKKLEPLEKLKEKERNWVHTQNHVYSREVIKQALKQNAGTIHMESLKDFGKGKYLLRYWSYYELQSMIEYKAKLEGIEVKYIDPAYTSQTCSYCGERGERKKQENPQCKRRGEKINADFNAARNIAMSKKIVKDN,,,,,,
Cas12U4,-.-.-,Cas12U4,Cas12U4 (-.-.-),>set_12_1_V_U4,-,-,-,MKETVTRVVRYRVDLTPTQAQLLDRHAGTARQAWNWATARWLDWQASIEHTVWAAHAVGLDHATTTTRLGYTTARATHGHHADLAHLYRLTAAQPHDPTSRLHWWHGVSTFAYQTALADFAKTAQAYWARRYSPRTGRRLGAPRFKRRGEHDAFAIMNLTTGPWKCILDGHRLLVPNLGSLRLTRNTRELRRLIQRGGRPTSVRFTRTGGRWHLAVNVSFEATPPPRPNRVQIAGGAVGVDLGITHLATLSTGTHIPNPRHLTAAAARLENLQQRRDRQHPLSRRARTTQAQITRLHALLATQRASTLHQLTKHLATRHERVAIENLNPASMTRRPKPDPAQPGAYRRAKAGLNRALLDAGFGEFRRQLTYKTTRYGSTLTLVPPAGTSQTCHHCGHRAPQNRETQADFVCVSCGHVANADINAACNIRDHHVAAPTESPAGAGAATHHPPVAVAEQTPPGVNTRKGSPVQTRTADPARVPA,,,,,,
Cas13a,6.5.3,LbuCas13a,LbuCas13a (6.5.3),WP_015770004.1,6,5,3,MKVTKVGGISHKKYTSEGRLVKSESEENRTDERLSALLNMRLDMYIKNPSSTETKENQKRIGKLKKFFSNKMVYLKDNTLSLKNGKKENIDREYSETDILESDVRDKKNFAVLKKIYLNENVNSEELEVFRNDIKKKLNKINSLKYSFEKNKANYQKINENNIEKVEGKSKRNIIYDYYRESAKRDAYVSNVKEAFDKLYKEEDIAKLVLEIENLTKLEKYKIREFYHEIIGRKNDKENFAKIIYEEIQNVNNMKELIEKVPDMSELKKSQVFYKYYLDKEELNDKNIKYAFCHFVEIEMSQLLKNYVYKRLSNISNDKIKRIFEYQNLKKLIENKLLNKLDTYVRNCGKYNYYLQDGEIATSDFIARNRQNEAFLRNIIGVSSVAYFSLRNILETENENDITGRMRGKTVKNNKGEEKYVSGEVDKIYNENKKNEVKENLKMFYSYDFNMDNKNEIEDFFANIDEAISSIRHGIVHFNLELEGKDIFAFKNIAPSEISKKMFQNEINEKKLKLKIFRQLNSANVFRYLEKYKILNYLKRTRFEFVNKNIPFVPSFTKLYSRIDDLKNSLGIYWKTPKTNDDNKTKEIIDAQIYLLKNIYYGEFLNYFMSNNGNFFEISKEIIELNKNDKRNLKTGFYKLQKFEDIQEKIPKEYLANIQSLYMINAGNQDEEEKDTYIDFIQKIFLKGFMTYLANNGRLSLIYIGSDEETNTSLAEKKQEFDKFLKKYEQNNNIKIPYEINEFLREIKLGNILKYTERLNMFYLILKLLNHKELTNLKGSLEKYQSANKEEAFSDQLELINLLNLDNNRVTEDFELEADEIGKFLDFNGNKVKDNKELKKFDTNKIYFDGENIIKHRAFYNIKKYGMLNLLEKIADKAGYKISIEELKKYSNKKNEIEKNHKMQENLHRKYARPRKDEKFTDEDYESYKQAIENIEEYTHLKNKVEFNELNLLQGLLLRILHRLVGYTSIWERDLRFRLKGEFPENQYIEEIFNFENKKNVKYKGGQIVEKYIKFYKELHQNDEVKINKYSSANIKVLKQEKKDLYIRNYIAHFNYIPHAEISLLEVLENLRKLLSYDRKLKNAVMKSVVDILKEYGFVATFKIGADKKIGIQTLESEKIVHLKNLKKKKLMTDRNSEELCKLVKIMFEYKMEEKKSEN,,,,,,
Cas13b,6.2.3,Cas13b,Cas13b (6.2.3),WP_044065294.1,6,2,3,MNIPALVENQKKYFGTYSVMAMLNAQTVLDHIQKVADIEGEQNENNENLWFHPVMSHLYNAKNGYDKQPEKTMFIIERLQSYFPFLKIMAENQREYSNGKYKQNRVEVNSNDIFEVLKRAFGVLKMYRDLTNHYKTYEEKLNDGCEFLTSTEQPLSGMINNYYTVALRNMNERYGYKTEDLAFIQDKRFKFVKDAYGKKKSQVNTGFFLSLQDYNGDTQKKLHLSGVGIALLICLFLDKQYINIFLSRLPIFSSYNAQSEERRIIIRSFGINSIKLPKDRIHSEKSNKSVAMDMLNEVKRCPDELFTTLSAEKQSRFRIISDDHNEVLMKRSSDRFVPLLLQYIDYGKLFDHIRFHVNMGKLRYLLKADKTCIDGQTRVRVIEQPLNGFGRLEEAETMRKQENGTFGNSGIRIRDFENMKRDDANPANYPYIVDTYTHYILENNKVEMFINDKEDSAPLLPVIEDDRYVVKTIPSCRMSTLEIPAMAFHMFLFGSKKTEKLIVDVHNRYKRLFQAMQKEEVTAENIASFGIAESDLPQKILDLISGNAHGKDVDAFIRLTVDDMLTDTERRIKRFKDDRKSIRSADNKMGKRGFKQISTGKLADFLAKDIVLFQPSVNDGENKITGLNYRIMQSAIAVYDSGDDYEAKQQFKLMFEKARLIGKGTTEPHPFLYKVFARSIPANAVEFYERYLIERKFYLTGLSNEIKKGNRVDVPFIRRDQNKWKTPAMKTLGRIYSEDLPVELPRQMFDNEIKSHLKSLPQMEGIDFNNANVTYLIAEYMKRVLDDDFQTFYQWNRNYRYMDMLKGEYDRKGSLQHCFTSVEEREGLWKERASRTERYRKQASNKIRSNRQMRNASSEEIETILDKRLSNSRNEYQKSEKVIRRYRVQDALLFLLAKKTLTELADFDGERFKLKEIMPDAEKGILSEIMPMSFTFEKGGKKYTITSEGMKLKNYGDFFVLASDKRIGNLLELVGSDIVSKEDIMEEFNKYDQCRPEISSIVFNLEKWAFDTYPELSARVDREEKVDFKSILKILLNNKNINKEQSDILRKIRNAFDHNNYPDKGVVEIKALPEIAMSIKKAFGEYAIMK,,,,,,
Cas13c,6.-.-,Cas13c,Cas13c (6.-.-),WP_027128616.1,6,-,-,MGKPNRSSIIKIIISNYDNKGIKEVKVRYNKQAQLDTFLIKSELKDGKFILYSIVDKAREKYRYSFEIDKTNINKNEILIIKKDIYSNKEDKVIRKYILSFEVSEKNDRTIVTKIKDCLETQKKEKFERENTRRLISETERKLLSEETQKTYSKIACCSPEDIDSVKIYKIKRYLAYRSNMLLFFSLINDIFVKGVVKDNGEEVGEIWRIIDSKEIDEKKTYDLLVENFKKRMSQEFINYKQSIENKIEKNTNKIKEIEQKLKKEKYKKEINRLKKQLIELNRENDLLEKDKIELSDEEIREDIEKILKIYSDLRHKLMHYNYQYFENLFENKKISKEKNEDVNLTELLDLNLFRYLPLVRQLKLENKTNYLEKEDKITVLGVSDSAIKYYSYYNFLCEQKNGFNNFINSFFSNDGEENKSFKEKINLSLEKEIEIMEKETNEKIKEINKNELQLMKEQKELGTAYVLDIHSLNDYKISHNERNKNVKLQNDIMNGNRDKNALDKINKKLVELKIKMDKITKRNSILRLKYKLQVAYGFLMEEYKGNIKKFKDEFDISKEKIKSYKSKGEKYLEVKSEKKYITKILNSIEDIHNITWLKNQEENNLFKFYVLTYILLPFEFRGDFLGFVKKHYYDIKNVEFLDENNDRLTPEQLEKMKNDSFFNKIRLFEKNSKKYDILKESILTSERIGKYFSLLNTGAKYFEYGGEENRGIFNKNIIIPIFKYYQIVLKLYNDVELAMLLTLSESDEKDINKIKELVTLKEKVSPKKIDYEKKYKFSVLLDCFNRIINLGKKDFLASEEVKEVAKTFTNLAYLRNKICHLNYSKFIDDLLTIDTNKSTTDSEGKLLINDRIRKLIKFIRENNQKMNISIDYNYINDYYMKKEKFIFGQRKQAKTIIDSGKKANKRNKAEELLKMYRVKKENINLIYELSKKLNELTKSELFLLDKKLLKDIDFTDVKIKNKSFFELKNDVKEVANIKQALQKHSSELIGIYKKEVIMAIKRSIVSKLIYDEEKVLSIIIYDKTNKKYEDFLLEIRRERDINKFQFLIDEKKEKLGYEKIIETKEKKKVVVKIQNNSELVSEPRIIKNKDKKKAKTPEEISKLGILDLTNHYCFNLKITL,,,,,,
Cas13d,6.6.3,RfxCas13d,RfxCas13d (6.6.3),MBR6985772.1,6,6,3,MIERKKSFAKGMGVKSTLVSGSKVYMTTFAEGSDARLEKIVEGDSIRSVNEGEAFSAEMADKNAGYKIGNAKFSHPKGYAVVANNPLYTGPVQQDMLGLKETLEKRYFGESADGNDNICIQVIHNILDIEKILAEYITNAAYAVNNISGLDKDIIGFGKFSTVYTYDEFKDPEHHRAAFNNNDKLINAIKAQYDEFDNFLDNPRLGYFGQAFFSKEGRNYIINYGNECYDILALLSGLRHWVVHNNEEESRISRTWLYNLDKNLDNEYISTLNYLYDRITNELTNSFSKNSAANVNYIAETLGINPAEFSEQYFRFSIMKEQQNLGFNIAKLREVMLDRKDMSEIRKNHKVFDSIRTKVYTMMDFVIYRYYIEEDAKVAAANKSLPDNEKSLSEKDIFVINLRGSFNDDQKDALYYDEANRIWRKLENIMHNIKEFRGNKTREYKKKDAPRLPRILPAGRDVSAFSKLMYALTMFLDGKEINDLLTTLINKFDNIQSFLKVMPLIGVNAKFVEEYAFFKNSAKIADELRLIKSFARMGEPIADARRAMYIDAIRILGTNLSYDELKALADTFSLDENGNKLKKGKHGMRNFIINNVISNKRFHYLIRYGDPAHLHEIAKNEAVVKFVLGRIADLQKKQGQNGKNQIDRYYETCIGKDKGKSVSEKVDALTNIITGMNYDQFDKKRSVIEDTGRENAEREKFKKIISLYLTVIYHILKNIVNINARYVIGFHCVERDAQLYKEKGYDINLKKLEEKGFSSVTKLCAGIDETAPDKRKDVEKEMTERAKESIDSLESANPKLYANYIKYSDEKKAEEFTRQINREKAKTALNAYLRNTKWNVIIREDLSRCDKIACSIFRNKVAHLEVARYVHAYINDIAEVNSYFQLYHYIMQRIIMNERYDKSSGKVREYFDAVNNEKKYNDRLLKLLCVPFGYCIPRFKNLSIEALFDRNEAAKFDKEKKKVSGNS,,,,,,
Cas9a,1.1.1,SpyCas9a,SpyCas9a (1.1.1),WP_010922251.1,1,1,1,MDKKYSIGLDIGTNSVGWAVITDEYKVPSKKFKVLGNTDRHSIKKNLIGALLFDSGETAEATRLKRTARRRYTRRKNRICYLQEIFSNEMAKVDDSFFHRLEESFLVEEDKKHERHPIFGNIVDEVAYHEKYPTIYHLRKKLVDSTDKADLRLIYLALAHMIKFRGHFLIEGDLNPDNSDVDKLFIQLVQTYNQLFEENPINASGVDAKAILSARLSKSRRLENLIAQLPGEKKNGLFGNLIALSLGLTPNFKSNFDLAEDAKLQLSKDTYDDDLDNLLAQIGDQYADLFLAAKNLSDAILLSDILRVNTEITKAPLSASMIKRYDEHHQDLTLLKALVRQQLPEKYKEIFFDQSKNGYAGYIDGGASQEEFYKFIKPILEKMDGTEELLVKLNREDLLRKQRTFDNGSIPHQIHLGELHAILRRQEDFYPFLKDNREKIEKILTFRIPYYVGPLARGNSRFAWMTRKSEETITPWNFEEVVDKGASAQSFIERMTNFDKNLPNEKVLPKHSLLYEYFTVYNELTKVKYVTEGMRKPAFLSGEQKKAIVDLLFKTNRKVTVKQLKEDYFKKIECFDSVEISGVEDRFNASLGTYHDLLKIIKDKDFLDNEENEDILEDIVLTLTLFEDREMIEERLKTYAHLFDDKVMKQLKRRRYTGWGRLSRKLINGIRDKQSGKTILDFLKSDGFANRNFMQLIHDDSLTFKEDIQKAQVSGQGDSLHEHIANLAGSPAIKKGILQTVKVVDELVKVMGRHKPENIVIEMARENQTTQKGQKNSRERMKRIEEGIKELGSQILKEHPVENTQLQNEKLYLYYLQNGRDMYVDQELDINRLSDYDVDHIVPQSFLKDDSIDNKVLTRSDKNRGKSDNVPSEEVVKKMKNYWRQLLNAKLITQRKFDNLTKAERGGLSELDKAGFIKRQLVETRQITKHVAQILDSRMNTKYDENDKLIREVKVITLKSKLVSDFRKDFQFYKVREINNYHHAHDAYLNAVVGTALIKKYPKLESEFVYGDYKVYDVRKMIAKSEQEIGKATAKYFFYSNIMNFFKTEITLANGEIRKRPLIETNGETGEIVWDKGRDFATVRKVLSMPQVNIVKKTEVQTGGFSKESILPKRNSDKLIARKKDWDPKKYGGFDSPTVAYSVLVVAKVEKGKSKKLKSVKELLGITIMERSSFEKNPIDFLEAKGYKEVKKDLIIKLPKYSLFELENGRKRMLASAGELQKGNELALPSKYVNFLYLASHYEKLKGSPEDNEQKQLFVEQHKHYLDEIIEQISEFSKRVILADANLDKVLSAYNKHRDKPIREQAENIIHLFTLTNLGAPAAFKYFDTTIDRKRYTSTKEVLDATLIHQSITGLYETRIDLSQLGGD,20,NGG,,,,
Cas9b,1.1.1,Cas9b,Cas9b (1.1.1),WP_003038941.1,1,1,1,NFKILPIAIDLGVKNTGVFSAFYQKGTSLERLDNKNGKVYELSKDSYTLLMNNRTARRHQRRGIDRKQLVKRLFKLIWTEQLNLEWDKDTQQAISFLFNRRGFSFITDGYSPEYLNIVPEQVKAILMDIFDDYNGEDDLDSYLKLATEQESKISEIYNKLMQKILEFKLMKLCTDIKDDKVSTKTLKEITSYEFELLADYLANYSESLKTQKFSYTDKQGNLKELSYYHHDKYNIQEFLKRHATINDRILDTLLTDDLDIWNFNFEKFDFDKNEEKLQNQEDKDHIQAHLHHFVFAVNKIKSEMASGGRHRSQYFQEITNVLDENNHQEGYLKNFCENLHNKKYSNLSVKNLVNLIGNLSNLELKPLRKYFNDKIHAKADHWDEQKFTETYCHWILGEWRVGVKDQDKKDGAKYSYKDLCNELKQKVTKAGLVDFLLELDPCRTIPPYLDNNNRKPPKCQSLILNPKFLDNQYPNWQQYLQELKKLQSIQNYLDSFETDLKVLKSSKDQPYFVEYKSSNQQIASGQRDYKDLDARILQFIFDRVKASDELLLNEIYFQAKKLKQKASSELEKLESSKKLDEVIANSQLSQILKSQHTNGIFEQGTFLHLVCKYYKQRQRARDSRLYIMPEYRYDKKLHKYNNTGRFDDDNQLLTYCNHKPRQKRYQLLNDLAGVLQVSPNFLKDKIGSDDDLFISKWLVEHIRGFKKACEDSLKIQKDNRGLLNHKINIARNTKGKCEKEIFNLICKIEGSEDKKGNYKHGLAYELGVLLFGEPNEASKPEFDRKIKKFNSIYSFAQIQQIAFAERKGNANTCAVCSADNAHRMQQIKITEPVEDNKDKIILSAKAQRLPAIPTRIVDGAVKKMATILAKNIVDDNWQNIKQVLSAKHQLHIPIITESNAFEFEPALADVKGKSLKDRRKKALERISPENIFKDKNNRIKEFAKGISAYSGANLTDGDFDGAKEELDHIIPRSHKKYGTLNDEANLICVTRGDNKNKGNRIFCLRDLADNYKLKQFETTDDLEIEKKIADTIWDANKKDFKFGNYRSFINLTPQEQKAFRHALFLADENPIKQAVIRAINNRNRTFVNGTQRYFAEVLANNIYLRAKKENLNTDKISFDYFGIPTIGNGRGIAEIRQLYEKVDSDIQAYAKGDKPQASYSHLIDAMLAFCIAADEHRNDGSIGLEIDKNYSLYPLDKNTGEVFTKDIFSQIKITDNEFSDKKLVRKKAIEGFNTHRQMTRDGIYAENYLPILIHKELNEVRKGYTWKNSEEIKIFKGKKYDIQQLNNLVYCLKFVDKPISIDIQISTLEELRNILTTNNIAATAEYYYINLKTQKLHEYYIENYNTALGYKKYSKEMEFLRSLAYRSERVKIKSIDDVKQVLDKDSNFIIGKITLPFKKEWQRLYREWQNTTIKDDYEFLKSFFNVKSITKLHKKVRKDFSLPISTNEGKFLVKRKTWDNNFIYQILNDSDSRADGTKPFIPAFDISKNEIVEAIIDSFTSKNIFWLPKNIELQKVDNKNIFAIDTSKWFEVETPSDLRDIGIATIQYKIDNNSRPKVRVKLDYVIDDDSKINYFMNHSLLKSRYPDKVLEILKQSTIIEFESSGFNKTIKEMLGMKLAGIYNETSNN,,NNG,,,https://doi.org/10.1073/pnas.1818461116,
Cas9c,1.1.1,Cas9c,Cas9c (1.1.1),WP_053019794.1,1,1,1,KRNYILGLDIGITSVGYGIIDYETRDVIDAGVRLFKEANVENNEGRRSKRGARRLKRRRRHRIQRVKKLLFDYNLLTDHSELSGINPYEARVKGLSQKLSEEEFSAALLHLAKRRGVHNVNEVEEDTGNELSTKEQISRNSKALEEKYVAELQLERLKKDGEVRGSINRFKTSDYVKEAKQLLKVQKAYHQLDQSFIDTYIDLLETRRTYYEGPGEGSPFGWKDIKEWYEMLMGHCTYFPEELRSVKYAYNADLYNALNDLNNLVITRDENEKLEYYEKFQIIENVFKQKKKPTLKQIAKEILVNEEDIKGYRVTSTGKPEFTNLKVYHDIKDITARKEIIENAELLDQIAKILTIYQSSEDIQEELTNLNSELTQEEIEQISNLKGYTGTHNLSLKAINLILDELWHTNDNQIAIFNRLKLVPKKVDLSQQKEIPTTLVDDFILSPVVKRSFIQSIKVINAIIKKYGLPNDIIIELAREKNSKDAQKMINEMQKRNRQTNERIEEIIRTTGKENAKYLIEKIKLHDMQEGKCLYSLEAIPLEDLLNNPFNYEVDHIIPRSVSFDNSFNNKVLVKQEENSKKGNRTPFQYLSSSDSKISYETFKKHILNLAKGKGRISKTKKEYLLEERDINRFSVQKDFINRNLVDTRYATRGLMNLLRSYFRVNNLDVKVKSINGGFTSFLRRKWKFKKERNKGYKHHAEDALIIANADFIFKEWKKLDKAKKVMENQMFEEKQAESMPEIETEQEYKEIFITPHQIKHIKDFKDYKYSHRVDKKPNRELINDTLYSTRKDDKGNTLIVNNLNGLYDKDNDKLKKLINKSPEKLLMYHHDPQTYQKLKLIMEQYGDEKNPLYKYYEETGNYLTKYSKKDNGPVIKKIKYYGNKLNAHLDITDDYPNSRNKVVKLSLKPYRFDVYLDNGVYKFVTVKNLDVIKKENYYEVNSKCYEEAKKLKKISNQAEFIASFYNNDLIKINGELYRVIGVNNDLLNRIEVNMIDITYREYLENMNDKRPPRIIKTIASKTQSIKKYSTDILGNLYEVKSKKHPQIIKKG,21,NNGRRT,,,https://doi.org/10.1038/nature14299,
Cas9d,2.1.1,Cas9d,Cas9d (2.1.1),>MG102-2,2,1,1,MVTLGVDYGASSVGLALVRSDEKGHNIPLFAGTIRLDARWLKEKVEVRAGIRRLRRTKKTKRHRLRQLEQSLTQIGLGAEQIQSIVRFSNRRGYKSLFDAGVADDDHDEAELTYRFTREEFFKALGTELQSIIPDTSQRQKALSTCETILNRQGDRSLEIRQIKIDNRGASRCAWEGCNRVTPRSDNALGEVLSQQIYTVFQSALKVNPVLCQKVETATHELHELAKRLRNASGEAASNEKKILRKRARTILRALKELLYTPAEGVGDAEKAWKYIETGIMNIMESRLGRNRYCREHSREYVQTICSGKLVPFKQTISESDIISRREQIAYAKLWRYIEARILPLTPGGIDRIVVERTAFDLLAGSRKTIQKATDQFKEEMYQHGPMYGFESVPDMLKEEFGGLCAYCGQSSSTLIDVDHILPHADFLFDSYLNILPACPKCNSDLKGDRSVSDASLTIHPDAYRAYSDYLKKKFSTRPMHYFHSIKKGVLNLMQDASRLWEAERYLSLIARQFGQIVQSQRGPRPFARYLSTKLSRRQGQAPAIRFRNGRHTALYRRVAYPDFQKQAEKAEGNVLNHALDAILLASELPDLYPVEALNLPLWQLKNWADTVRARAPKSGDEGVPICPDGPQYVDGFETVHPGGYVEVDLRSMRWNQKDSMTHKQDPYGFSEKTGMPTKRGSAFDLYTKLKKEKNPSKVKSRIALIHHPALRKALSESLQSDTTGSSAAENLKTWLRISVKNSLAHSRFSNHPGDQARRSELEKFITQEDCPIPSVIGVKMFDMGVRGKIDMKRLDRQTGGIGHRYMTQPPNKGVIVAYPKREDGKPDLTKPCCVYHKQDLSMTPENISIFKPPPPILSDGVILGKKPYDKGDRRKALEKYLSDCGFHSYVYLTPGCTIRYKDGNEWFVRNFDSSEDFKKGRLREIIGTRRTPFVDSLIPLKVLSQ,,,,,,
HEARO,2.1.4,HEARO,HEARO (2.1.4),>MG35-1,2,1,4,MQRVFVLDHNKQPLMPCHPARARKLLKKGKAAVYRRYPFAIIMTHRVGGDLQTVEIKFDPGSRTTGIALVGDFDRGKEVIWAGNLNHRGHQIKSNLNSRRAIRRARRNRKTRYRQARFNNRRRPKGWLPPSLRSRVDNTKNWMHKLARLAPLTQIAVETVRFDTQKLQKPEISGVEYQQGELAGYELREYLLEKWGRECAYCGAKNIPLEIEHIQARSKGGSDRVSNLTLACTPCNIDKGNKDIKEFLSLKPKRLKKIQATATAPLKDAAAVNATRYATGNVLKCFSLPITFSSGGRTKFNRVKLGYLKDHWIDAACVGESGSQVVIPKAITPLIITSKGRGSRQKCRMNQYGFPRTGPKKQKQVKGFQTGDIVKAIVTKGKKIGTYIGRVVVRSRGSFDIGSGEKKVGSISYKYCQLLQRADGYEYT,,,,,,
IscB,2.1.4,IscB,IscB (2.1.4),>7UTN_1,2,1,4,MAVVYVISKSGKPLMPTTRCGHVRILLKEGKARVVERKPFTIQLTYESAEETQPLVLGIDPGRTNIGMSVVTESGESVFNAQIETRNKDVPKLMKDRKQYRMAHRRLKRRCKRRRRAKAAGTAFEEGEKQRLLPGCFKPITCKSIRNKEARFNNRKRPVGWLTPTANHLLVTHLNVVKKVQKILPVAKVVLELNRFSFMAMNNPKVQRWQYQRGPLYGKGSVEEAVSMQQDGHCLFCKHGIDHYHHVVPRRKNGSETLENRVGLCEEHHRLVHTDKEWEANLASKKSGMNKKYHALSVLNQIIPYLADQLADMFPGNFCVTSGQDTYLFREEHGIPKDHYLDAYCIACSALTDAKKVSSPKGRPYMVHQFRRHDRQACHKANLNRSYYMGGKLVATNRHKAMDQKTDSLEEYRAAHSAADVSKLTVKHPSAQYKDMSRIMPGSILVSGEGKLFTLSRSEGRNKGQVNYFVSTEGIKYWARKCQYLRNNGGLQIYV,,,,,,
TnpB,3.4.4,TnpB,TnpB (3.4.4),WP_010887311.1,3,4,4,MIRNKAFVVRLYPNAAQTELINRTLGSARFVYNHFLARRIAAYKESGKGLTYGQTSSELTLLKQAEETSWLSEVDKFALQNSLKNLETAYKNFFRTVKQSGKKVGFPRFRKKRTGESYRTQFTNNNIQIGEGRLKLPKLGWVKTKGQQDIQGKILNVTVRRIHEGHYEASVLCEVEIPYLPAAPKFAAGVDVGIKDFAIVTDGVRFKHEQNPKYYRSTLKRLRKAQQTLSRRKKGSARYGKAKTKLARIHKRIVNKRQDFLHKLTTSLVREYEIIGTEHLKPDNMRKNRRLALSISDAGWGEFIRQLEYKAAWYGRLVSKVSPYFPSSQLCHDCGFKNPEVKNLAVRTWTCPNCGETHDRDENAALNIRREALVAAGISDTLNAHGGYVRPASAGNGLRSENHATLVV,,,,,,