Type Protein,Curation_Link,Genome_Assembly,nuccore_Accession,Gene_ID,Locus_Tag,Protein_ID,TaxID,FastaURL,faiURL,gffURL,Start,Stop,Direct Repeat,Active Site,PDB_ID,
AsCas12a,https://docs.google.com/spreadsheets/d/1NyXaCR4U8KOXEtMXU69o8SYq7wTqarSiHXMglMizznw/edit#gid=1434514324,GCF_000468835.1,NZ_AWUR01000016,,HMPREF1246_RS03730,WP_021736722.1,1111120,,,,24220,28143,<== Future Python calculations!,"RuvC:D908, RuvC:E993, RuvC:D1263",5B43,
SuCas12a2,https://docs.google.com/spreadsheets/d/1jTP8sYeDLTG_Tt-4mgmMvQVazRJxDvwrAGFUGWwJ7Sg/edit#gid=1434514324,,JQIT01000003,,KU37_03970,KIM12007.1,1539066,,,,,,,"RuvC:D848, RuvC:E1063, RuvC:D1213",8D49,
AacCas12b,https://docs.google.com/spreadsheets/d/1PvS4H1Kp18smBxFk5fSCKGB5E9qb8BZbkgWET9g8DD8/edit#gid=1434514324,GCF_000444055.1,NZ_AURB01000127.1,,N007_RS31360,WP_021296342.1,1356854,,,,43576,46965,,"RuvC:D570, RuvC:E848, RuvC:D977",5U30,
UnCas12c2,https://docs.google.com/spreadsheets/d/1cNkbINL3ZsJ3FgqU47U4Qm1XCEn1Y6oaYFbqqi7b5js/edit#gid=1434514324,,Ga0100402_1005772,,,,metagenome,,,,,,,"RuvC:D928, RuvC:E1014, RuvC:D1201",7V94,
Cas12c1,https://docs.google.com/spreadsheets/d/1ZNhMim6VzCip1OFYOqoJIx1EFgC83pni5SizVV2frzo/edit#gid=1434514324,GCF_949496615.1,NZ_CATAIM010000004,,QWF89_RS01570,WP_289168534.1,1263098,,,,,,,"RuvC:D969, RuvC:E1060, RuvC:D1266",7VYX,
Cas12d,https://docs.google.com/spreadsheets/d/1_acd45Nwz-YJg68ZDFbXs3VVh8094lBOtmdkp647c5s/edit#gid=1434514324,,,,,,metagenome,,,,,,,"RuvC:D875, RuvC:E971, RuvC:D1198",,
PlmCas12e,https://docs.google.com/spreadsheets/d/1YcBpQX5mL0KE1xe2SRF12LvXuY_2362LTA9ji5hF8w0/edit#gid=1434514324,,MHYZ01000150,,A3G70_06685,OHB99618.1,1801982,,,,,,,"RuvC:D659, RuvC:E756, RuvC:D922",7WB1,
Un1Cas12f1,https://docs.google.com/spreadsheets/d/1N3JkPsgYrQy3WGL5JoVDzWMciT0HLA5J_E1XeLsegq0/edit#gid=1434514324,,MK005734,,MEHDFNOH_00030,QBM01166.1,115547,,,,,,,"RuvC:D326, RuvC:E422, RuvC:D510",7C7L,
LbCas12g,https://docs.google.com/spreadsheets/d/1xLfJeW59i-6s_S7NJy0uMMsHK_8TdY4PdhN2NJ3FypI/edit#gid=1434514324,,ENA-ORXB01000005,,"972,874 -> 975,177","972,874 -> 975,177",433727,,,,,,,"RuvC:D513, RuvC:E655, RuvC:D745",6XMF,
Cas12h1,https://docs.google.com/spreadsheets/d/1vL0oP9G4kqhSGjqxO6H290m5iKtZmgzShifG1pAmY_M/edit#gid=1434514324,,Ga0309773_1000880,,,,metagenome,,,,,,,"RuvC:D465, RuvC:E658, RuvC:D740",,
Cas12i1,https://docs.google.com/spreadsheets/d/1TnWqMk5PqE6VpHDH-NWIIzCVmaN4PCuwzuYkPG7_55U/edit#gid=1434514324,,Ga0453123_0000026,,,,metagenome,,,,,,,"RuvC:D647, RuvC:E894, RuvC:D1074",6W5C,
Cas12j2,https://docs.google.com/spreadsheets/d/146eLt1W4pLr4jYDGonDs5ZhdlkFMmKcffy35wlbpGqI/edit#gid=1434514324,,SR-VP_4-6_scaffold_141_559231_prodigal-single,,"124,230 -> 126,503","124,230 -> 126,503",metagenome,,,,,,,"RuvC:D394, RuvC:E606, RuvC:D695",7LYS,
ShCas12k,https://docs.google.com/spreadsheets/d/1hoajSMsjdj5mTDJUSq6ZMOFiqfBS8Rj3RriKLLKBeC0/edit#gid=1434514324,GCF_000582685.1,NZ_KK073768.1,,TOL9009_RS0127255,WP_029636312.1,1469607,,,,,,,"RuvC-i:S447, RuvC-i:P567, RuvC-i:S640",7N3O,
Asp2Cas12L,https://docs.google.com/spreadsheets/d/1BAWVBgFyWayfgkkRpkC8rkm89T4Vq5mc5aTUL9lhz8w/edit#gid=1434514324,,QEUN01000014,,DCC46_10025,RIJ98969.1,2033014,,,,,,,"RuvC:D518, RuvC:E624, RuvC:D793",,
Cas12Lambda2,https://docs.google.com/spreadsheets/d/1oKTfqOcya5McDDdfPOD4eQgThfAlpQEJJ13K7ISKhss/edit#gid=1434514324,,pBA1319,,pBA1319,pBA1319,metagenome,,,,,,,"RuvC:D336, RuvC:E530, RuvC:D682",8DC2,
MmCas12m,https://docs.google.com/spreadsheets/d/14be-rmER_TVrQLVt_yPli5S0j142do5FkhEdVtrNJ3A/edit#gid=1434514324,,NZ_LSKL01000323,,AX749_RS19540,WP_061006603.1,56689,,,,,,,"RuvC:H317-i, RuvC:D579, RuvC-i:D485",8HHL,"REC:1-184, WED:185-309, RuvC:310-546, RuvC:581-598, RuvC Active Site:319, RuvC Active Site:487, RuvC Active Site:581 "
Cas12U2,https://docs.google.com/spreadsheets/d/12L43HMkIxANvaklX6_inIC4aXKhw9LBY72IBk0igQe4/edit#gid=1434514324,,CP001287,,PCC8801_4127,ACK68059.1,41431,,,,,,,"RuvC:D291, RuvC:E375, RuvC:D477",,
Cas12U3,https://docs.google.com/spreadsheets/d/1ngH3q0UQK6LUNCoz70psCJlysgsPI5_e8Kj5CgAtIEY/edit#gid=1434514324,,MPDK01000047,,BM613_13600,PWI54866.1,1765684,,,,,,,"RuvC:D225, RuvC:E324, RuvC:D401",8DZJ,
Cas12U4,https://docs.google.com/spreadsheets/d/1kgP-1QeTaDgB6P3xiw0zBpZHNM4R1UNS1OstS4gizOs/edit#gid=1434514324,NZ_QLYX00000000.1,NZ_QLYX01000011,,DPM19_RS23400,WP_199485240.1,2231787,,,,,,,"RuvC:D239, RuvC:E331, RuvC:D428",,
LbuCas13a,https://docs.google.com/spreadsheets/d/1W4gl5i_xxL3wPiAce-a2V4HtVJ_kn_dG4rrscmkeoZc/edit#gid=1434514324,,CP001685,,Lebu_1799,ACV39665.1,523794,,,,,,,"HEPN1:R472, HEPN1:H477, HEPN2:R1048, HEPN2:H1053",5XWP,
PspCas13b,https://docs.google.com/spreadsheets/d/1MflOice4Bjai3Iruu-3yQXwSqDpPgyKPXnlYEugq-fI/edit#gid=1434514324,,NZ_JXQL01000055,,ST45_RS06375,WP_044065294.1,1602169,,,,,,,"HEPN1:R128, HEPN1:H133, HEPN2:R1053, HEPN2:H1058",,
Cas13c,https://docs.google.com/spreadsheets/d/1xBgB7UAyvV7HuVj0iYFMoWgzcjSFJ61TIVX9cKiEho0/edit#gid=1434514324,,NZ_JHXW01000011,,T364_RS0105110,WP_027128616.1,1408439,,,,,,,"HEPN1:R315, HEPN1:H320, HEPN2:R816, HEPN2:H821",,
RfxCas13d,https://docs.google.com/spreadsheets/d/10dNlxRCHj-83C7XqbKCIWxNY_FPfzGhVQXQ9zViljrQ/edit#gid=1434514324,,FPJT01000005,,SAMN04487832_1055,SFX39573.1,1265,,,,,,,"HEPN1:R239, HEPN1:H244, HEPN2:R858, HEPN2:H863",6IV9,
SpyCas9a,https://docs.google.com/spreadsheets/d/1RKkDvN_8C2dBSwCVCLcsXQdZSL0I395T_LAyRBPrYNA/edit#gid=1434514324,GCF_000006785.2,NC_002737,,SPY_RS04360,WP_010922251.1,160490,,,,,,,"RuvC:D10, RuvC:E769, RuvC:D986, HNH:D839, HNH:H840, HNH:N863",5F9R,"RuvC:D10, RuvC:E769, RuvC:D986, D839, H840, N863"
FnCas9b,https://docs.google.com/spreadsheets/d/1PrYIasxmmTUtP-7WoTVWCQBzcjJ04u3Jn6MUFNEkJ_Q/edit#gid=1434514324,,CP021490,,B4919_06625,AVC44478.1,264,,,,,,,"RuvC:D11, RuvC:E898, RuvC:D1165, HNH:D968, HNH:H969, HNH:N995",5B2O,
Nme2Cas9c,https://docs.google.com/spreadsheets/d/1mMajYKDRXB_7VcL5xA2hIsaIQCidUDlvZZVtA0XXv6c/edit#gid=1434514324,,NC_017501,,NMV_RS09835, WP_014574210.1,604162,,,,,,,"RuvC:D16, RuvC:E504, RuvC:D726, HNH:D587, HNH:H588, HNH:N611",6JFU,
Cas9d,https://docs.google.com/spreadsheets/d/18B44hykDm5loTStH6a_ubuFmz4nKsv9rc73lKIVjAJk/edit#gid=1434514324,,MGQA01000002,,A2022_01700,OGP48943.1,1797824,,,,,,,"RuvC:D10, RuvC:E315, RuvC:D500, HNH:D374, HNH:H375, HNH:N398",,
HEARO,https://docs.google.com/spreadsheets/d/1fDhWaJrbO3xPGkQPAmVtZ-1f5iYgQxa7xXd_z6c1Xpg/edit#gid=1434514324,,NBMI01000042,,B6247_07340,OQY55571.1,1972449,,,,,,,"RuvC:D59, RuvC:E158, RuvC:D314, HNH:E212, HNH:H213, HNH:N236",,
TnpB,https://docs.google.com/spreadsheets/d/1YQ3GToUwNuR-DbDTzmpvuPkKVNerckSuZO7pck_KEfY/edit#gid=1434514324,,NC_001263,,DR_RS03470,WP_010887311.1,243230,,,,,,,"RuvC:D191, RuvC:E278, RuvC:D361",8EXA,
SauCas9,https://docs.google.com/spreadsheets/d/1k0PC6pqAJdioOC5OcYimdVuSOSwjjfCUbIvYVGDzvks/edit#gid=1434514324,,HE980450,,ORF_139,CCK74173.1,1280,,,,,,,"RuvC:D10, RuvC:E477, RuvC:D704, HNH:D556, HNH:H557, HNH:N580",5CZZ,
CjeCas9,https://docs.google.com/spreadsheets/d/1LZxgi_7ANG1S0YwlUTg8p8ptZqP3eeS17sL4BsKGits/edit#gid=1434514324,,NC_002163,,Cj1523c,YP_002344900.1,192222,,,,,,,"RuvC:D8, RuvC:E479, RuvC:D710, HNH:D558, HNH:H559, HNH:N582",5X2G,
Fusion Proteins,https://docs.google.com/spreadsheets/d/1b-d0v-gzMgo3qui1r-kgmj_bYau9QOH-vr_2o4y8PlQ/edit?usp=sharing,,,,,,synthetic,,,,,,,,,
LwaCas13a,https://docs.google.com/spreadsheets/d/1QwlD5L-K4yDNmfZL0P7k66s4cOSSo17TmQCEKUcCdMs/edit?usp=sharing,,NZ_KI271421,,HMPREF9015_RS07835,WP_021746774.1,888055,,,,,,GATTTAGACTACCCTAAAAACGAAGGGGACTAAAAC,"HEPN1:R474, HEPN1:H479, HEPN2:R1046, HEPN2:H1051",,
LbCas12a,,,NZ_JNKS01000011,,T521_RS08385,WP_051666128.1,1410628,,,,,,GTTTCAAAGATTAAATAATTTCTACTAAGTGTAGAT,"RuvC:D850, RuvC:E943, RuvC:D1198",5ID6,
Cas13an2,https://docs.google.com/spreadsheets/d/16sphP5LWH1pHbgOttSM9NLZWCt12wWeLZY8fIMjXqHY/edit?usp=sharing,GCF_001889025.1,NZ_CP018154,,NZ_CP018154.1,WP_072559397.1,1913578,,,,,,,"HEPN1:R127,H132;HEPN2:R362,H368;",,